{
  "type": "origins:multiple",
  "carnivore": {
    "type": "origins:prevent_item_use",
    "item_condition": {
      "type": "origins:and",
      "conditions": [
        {
          "type": "origins:or",
          "conditions": [
            {
              "type": "origins:ingredient",
              "ingredient": {
                "tag": "origins:meat"
              }
            },
            {
              "type": "origins:meat"
            }
          ],
          "inverted": true
        },
        {
          "type": "origins:food"
        },
        {
          "type": "origins:ingredient",
          "ingredient": {
            "tag": "origins:ignore_diet"
          },
          "inverted": true
        }
      ]
    }
  },
  "lessfood": {
    "type": "origins:modify_food",
    "item_condition": {
      "type": "origins:food"
    },
    "food_modifier": {
      "operation": "multiply_base",
      "value": -0.75
    },
    "saturation_modifier": {
      "operation": "multiply_base",
      "value": -0.75
    }
  },
  "name": "Apex Predator",
  "description": "You're strictly carnivorous and you have a great preference for live flesh. You restore 75% less hunger from sources of food other than Death Roll. "
}