{
    "type": "origins:multiple",
    "trans": {
        "type": "origins:model_color",
        "alpha": 0.24,
        "condition": {
            "type": "origins:submerged_in",
            "fluid": "minecraft:water"
        }
    },
    "visibility": {
        "type": "origins:action_over_time",
        "interval": 1,
        "rising_action": {
            "type": "origins:execute_command",
            "command": "scale set pehkui:visibility 0.25 @s"
        },
        "falling_action": {
            "type": "origins:execute_command",
            "command": "scale reset pehkui:visibility @s"
        },
        "condition": {
            "type": "origins:submerged_in",
            "fluid": "minecraft:water"
        }
    },
    "stinkysmpcompat": {
        "type": "origins:action_over_time",
        "interval": 1,
        "rising_action": {
            "type": "origins:execute_command",
            "command": "power grant @s origins-classes:sneaky"
        },
        "falling_action": {
            "type": "origins:execute_command",
            "command": "power remove @s origins-classes:sneaky"
        },
        "condition": {
            "type": "origins:submerged_in",
            "fluid": "minecraft:water"
        }
    },
    "visibilityreset": {
        "type": "origins:action_on_callback",
        "entity_action_lost": {
            "type": "origins:execute_command",
            "command": "scale reset pehkui:visibility @s"
        }
    },
    "hp": {
        "type": "origins:attribute",
        "modifier": {
            "attribute": "minecraft:generic.max_health",
            "value": -4,
            "operation": "addition"
        }
    },
    "underwater": {
        "type": "origins:modify_break_speed",
        "modifier": {
            "operation": "multiply_total",
            "value": 4
        },
        "condition": {
            "type": "origins:and",
            "conditions": [
                {
                    "type": "origins:submerged_in",
                    "fluid": "minecraft:water"
                },
                {
                    "type": "origins:enchantment",
                    "enchantment": "minecraft:aqua_affinity",
                    "comparison": "==",
                    "compare_to": 0
                }
            ]
        }
    },
    "ungrounded": {
        "type": "origins:modify_break_speed",
        "modifier": {
            "operation": "multiply_total",
            "value": 4
        },
        "condition": {
            "type": "origins:and",
            "conditions": [
                {
                    "type": "origins:fluid_height",
                    "fluid": "minecraft:water",
                    "comparison": ">",
                    "compare_to": 0
                },
                {
                    "type": "origins:on_block",
                    "inverted": true
                }
            ]
        }
    },
    "breath": {
        "type": "origins:action_over_time",
        "entity_action": {
            "type": "origins:if_else",
            "condition": {
                "type": "origins:equipped_item",
                "equipment_slot": "head",
                "item_condition": {
                    "type": "origins:ingredient",
                    "ingredient": {
                        "item": "minecraft:turtle_helmet"
                    }
                }
            },
            "if_action": {
                "type": "origins:apply_effect",
                "effect": {
                    "effect": "water_breathing",
                    "duration": 400,
                    "show_particles": false,
                    "show_icon": false
                }
            },
            "else_action": {
                "type": "origins:apply_effect",
                "effect": {
                    "effect": "water_breathing",
                    "duration": 200,
                    "show_particles": false,
                    "show_icon": false
                }
            }
        },
        "condition": {
            "type": "origins:submerged_in",
            "fluid": "water",
            "inverted": true
        },
        "interval": 10
    },
    "hidename": {
        "type": "origins:action_over_time",
        "entity_action": {
            "type": "origins:if_else",
            "condition": {
                "type": "origins:submerged_in",
                "fluid": "water"
            },
            "if_action": {
                "type": "origins:execute_command",
                "command": "team join crochide @s"
            },
            "else_action": {
                "type": "origins:execute_command",
                "command": "team leave @s"
            }
        },
        "interval": 3
    },
    "hidearmor": {
        "type": "origins:prevent_feature_render",
        "features": [
            "armor",
            "elytra",
            "stuck_objects"
        ],
        "condition": {
            "type": "origins:submerged_in",
            "fluid": "water"
        }
    },
    "weteyes": {
        "type": "origins:night_vision",
        "strength": 0.5,
        "condition": {
            "type": "origins:submerged_in",
            "fluid": "minecraft:water"
        }
    },
    "aquatic": {
        "type": "origins:entity_group",
        "group": "aquatic"
    },
    "name": "Aquatic Ambusher",
    "description": "You can breathe for much longer, your nametag and armor isn't shown, you mine and see perfectly and you camouflage to be barely visible underwater. However, you rely on ambush attacks and have grown frail, making you have only 8 hearts.",
    "badges": [
        {
            "sprite": "origins:textures/gui/badge/info.png",
            "text": "Your breath works like a natural Turtle Shell. This stacks with wearing a regular Turtle Shell as well!"
        }
    ]
}