{
  "type": "origins:multiple",
  "cooldown": {
    "type": "origins:cooldown",
    "cooldown": 200,
    "hud_render": {
      "bar_index": 22,
      "sprite_location": "origins:textures/gui/community/spiderkolo/resource_bar_03.png"
    },
    "//comment": "Triggered when death roll is released"
  },
  "charge": {
    "type": "origins:resource",
    "min": 0,
    "max": 20,
    "hud_render": {
      "sprite_location": "origins:textures/gui/community/spiderkolo/resource_bar_01.png",
      "bar_index": 5,
      "condition": {
        "type": "origins:resource",
        "resource": "croc:deathroll_charge",
        "compare_to": 0,
        "comparison": ">"
      }
    },
    "max_action": {
      "type": "origins:play_sound",
      "sound": "minecraft:entity.warden.roar",
      "pitch": 1.68,
      "volume": 0.75
    },
    "//comment": "Increased when holding primary. When maxed out, death roll can be used."
  },
  "chargeslowwalk": {
    "type": "origins:conditioned_attribute",
    "modifier": {
      "attribute": "minecraft:generic.movement_speed",
      "operation": "multiply_base",
      "value": -0.5
    },
    "tick_rate": 5,
    "condition": {
      "type": "origins:resource",
      "resource": "croc:deathroll_charge",
      "comparison": ">",
      "compare_to": 0
    },
    "//comment": "Slows you when charging"
  },
  "maxchargeslowwalk": {
    "type": "origins:conditioned_attribute",
    "modifier": {
      "attribute": "minecraft:generic.movement_speed",
      "operation": "multiply_total",
      "value": -1
    },
    "tick_rate": 1,
    "condition": {
      "type": "origins:resource",
      "resource": "croc:deathroll_charge",
      "comparison": "==",
      "compare_to": 20
    },
    "//comment": "Slows you when your charge is at max"
  },
  "chargeslowswim": {
    "type": "origins:conditioned_attribute",
    "modifier": {
      "attribute": "additionalentityattributes:water_speed",
      "operation": "multiply_base",
      "value": -0.5
    },
    "tick_rate": 5,
    "condition": {
      "type": "origins:resource",
      "resource": "croc:deathroll_charge",
      "comparison": ">",
      "compare_to": 0
    },
    "//comment": "Slows you when charging"
  },
  "maxchargeslowswim": {
    "type": "origins:conditioned_attribute",
    "modifier": {
      "attribute": "additionalentityattributes:water_speed",
      "operation": "multiply_total",
      "value": -1
    },
    "tick_rate": 1,
    "condition": {
      "type": "origins:resource",
      "resource": "croc:deathroll_charge",
      "comparison": "==",
      "compare_to": 20
    },
    "//comment": "Slows you when your charge is at max"
  },
  "n": {
    "type": "origins:resource",
    "min": 0,
    "max": 3,
    "hud_render": {
      "should_render": false
    },
    "//comment": "Checks when the primary key is held."
  },
  "decay": {
    "type": "origins:action_over_time",
    "entity_action": {
      "type": "origins:change_resource",
      "resource": "*:*_n",
      "change": -1
    },
    "interval": 1,
    "condition": {
      "type": "origins:resource",
      "resource": "*:*_n",
      "comparison": ">",
      "compare_to": 0
    },
    "//comment": "Countercurrent against the active. When the active is no longer there, this takes over and quickly depletes the resource so the game knows when you stop holding."
  },
  "release": {
    "type": "origins:action_over_time",
    "interval": 1,
    "rising_action": {
      "type": "origins:and",
      "actions": [
        {
          "type": "origins:if_else",
          "condition": {
            "type": "origins:or",
            "conditions": [
              {
                "type": "origins:fluid_height",
                "fluid": "minecraft:water",
                "comparison": "==",
                "compare_to": 0
              },
              {
                "type": "origins:in_rain"
              }
            ]
          },
          "if_action": {
            "type": "origins:and",
            "actions": [
              {
                "type": "origins:add_velocity",
                "z": 2.15,
                "space": "local"
              },
              {
                "type": "origins:change_resource",
                "change": 17,
                "resource": "croc:deathroll_isdashing"
              }
            ]
          },
          "else_action": {
            "type": "origins:and",
            "actions": [
              {
                "type": "origins:add_velocity",
                "z": 1.85,
                "space": "local"
              },
              {
                "type": "origins:change_resource",
                "change": 17,
                "resource": "croc:deathroll_isdashing"
              }
            ]
          }
        },
        {
          "type": "origins:trigger_cooldown",
          "power": "croc:deathroll_cooldown"
        }
      ]
    },
    "condition": {
      "type": "origins:and",
      "conditions": [
        {
          "type": "origins:resource",
          "resource": "*:*_n",
          "comparison": ">",
          "compare_to": 1
        },
        {
          "type": "origins:resource",
          "resource": "croc:deathroll_charge",
          "comparison": "==",
          "compare_to": 20
        }
      ]
    }
  },
  "chargedecay": {
    "type": "origins:action_over_time",
    "entity_action": {
      "type": "origins:change_resource",
      "resource": "croc:deathroll_charge",
      "change": -10
    },
    "interval": 1,
    "condition": {
      "type": "origins:resource",
      "resource": "*:*_n",
      "comparison": "==",
      "compare_to": 0
    },
    "//comment": "Uncharges when you stop holding"
  },
  "key": {
    "type": "origins:active_self",
    "entity_action": {
      "type": "origins:change_resource",
      "resource": "*:*_n",
      "change": 2
    },
    "cooldown": 1,
    "hud_render": {
      "should_render": false
    },
    "key": {
      "key": "key.origins.primary_active",
      "continuous": true
    },
    "condition": {
      "type": "origins:resource",
      "resource": "croc:deathroll_cooldown",
      "comparison": "==",
      "compare_to": 0
    },
    "//comment": "Countercurrent against the decay. Lets the game know you're holding primary by increasing the resource.."
  },
  "hold": {
    "type": "origins:action_over_time",
    "entity_action": {
      "type": "origins:change_resource",
      "resource": "croc:deathroll_charge",
      "change": 1
    },
    "interval": 1,
    "condition": {
      "type": "origins:resource",
      "resource": "*:*_n",
      "comparison": ">",
      "compare_to": 1
    },
    "//comment": "Charges up death roll and triggers the cooldown when the cooldown is up and the charge is full, then boosts forward with velocity depending if its underwater or not."
  },
  "isdashing": {
    "type": "origins:resource",
    "max": 17,
    "min": 0,
    "hud_render": {
      "should_render": false
    }
  },
  "isdashing_decay": {
    "type": "origins:action_over_time",
    "interval": 1,
    "entity_action": {
      "type": "origins:change_resource",
      "resource": "croc:deathroll_isdashing",
      "change": -1
    },
    "condition": {
      "type": "origins:resource",
      "resource": "croc:deathroll_isdashing",
      "compare_to": 0,
      "comparison": ">"
    }
  },
  "isrolling": {
    "type": "origins:resource",
    "max": 1,
    "min": 0,
    "hud_render": {
      "should_render": false
    }
  },
  "rollcheck": {
    "type": "origins:action_over_time",
    "interval": 1,
    "entity_action": {
      "type": "origins:and",
      "actions": [
        {
          "type": "origins:area_of_effect",
          "radius": 1.25,
          "bientity_action": {
            "type": "origins:and",
            "actions": [
              {
                "type": "origins:target_action",
                "action": {
                  "type": "origins:and",
                  "actions": [
                    {
                      "type": "origins:execute_command",
                      "command": "power grant @s croc:rolled"
                    },
                    {
                      "type": "origins:execute_command",
                      "command": "tag @s add rolled"
                    }
                  ]
                }
              },
              {
                "type": "origins:actor_action",
                "action": {
                  "type": "origins:and",
                  "actions": [
                    {
                      "type": "origins:execute_command",
                      "command": "scoreboard players operation @e[tag=rolled,sort=nearest,limit=1] rolledID = @s gnasherID"
                    },
                    {
                      "type": "origins:execute_command",
                      "command": "execute as @e[tag=rolled,sort=nearest,limit=1] run function croc:zfight"
                    },
                    {
                      "type": "origins:add_velocity",
                      "y": 0,
                      "x": 0,
                      "z": 0,
                      "set": true
                    },
                    {
                      "type": "origins:play_sound",
                      "sound": "minecraft:block.note_block.snare",
                      "pitch": 0.5,
                      "volume": 1.5
                    },
                    {
                      "type": "origins:execute_command",
                      "command": "particle block nether_wart_block ~ ~1 ~ 0 0 0 1.25 35 normal @a"
                    },
                    {
                      "type": "origins:change_resource",
                      "resource": "croc:deathroll_isrolling",
                      "change": 1
                    },
                    {
                      "type": "origins:change_resource",
                      "resource": "croc:deathroll_isdashing",
                      "change": -17
                    },
                    {
                      "type": "origins:trigger_cooldown",
                      "power": "croc:deathroll_rolltimer"
                    }
                  ]
                }
              }
            ]
          },
          "bientity_condition": {
            "type": "origins:target_condition",
            "condition": {
              "type": "origins:living"
            }
          }
        }
      ]
    },
    "condition": {
      "type": "origins:resource",
      "resource": "croc:deathroll_isdashing",
      "compare_to": 0,
      "comparison": ">"
    }
  },
  "rollremove": {
    "type": "origins:action_on_callback",
    "entity_action_removed": {
      "type": "origins:and",
      "actions": [
        {
          "type": "origins:execute_command",
          "command": "function croc:rollcancel"
        },
        {
          "type": "origins:change_resource",
          "resource": "croc:deathroll_rolltimer",
          "change": -100
        }
      ]
    },
    "condition": {
      "type": "origins:resource",
      "resource": "croc:deathroll_isrolling",
      "comparison": "==",
      "compare_to": 0
    }
  },
  "rolltimer": {
    "type": "origins:cooldown",
    "cooldown": 50,
    "hud_render": {
      "should_render": false
    }
  },
  "rollcancel": {
    "type": "origins:action_over_time",
    "interval": 1,
    "rising_action": {
      "type": "origins:and",
      "actions": [
        {
          "type": "origins:change_resource",
          "resource": "croc:deathroll_isrolling",
          "change": -1
        },
        {
          "type": "origins:play_sound",
          "sound": "entity.warden.roar",
          "pitch": 2.0
        },
        {
          "type": "origins:area_of_effect",
          "radius": 1.2,
          "bientity_condition": {
            "type": "origins:target_condition",
            "condition": {
              "type": "origins:and",
              "conditions": [
                {
                  "type": "origins:living"
                },
                {
                  "type": "origins:power",
                  "power": "croc:rolled"
                }
              ]
            }
          },
          "bientity_action": {
            "type": "origins:add_velocity",
            "z": 1.2
          }
        },
        {
          "type": "origins:execute_command",
          "command": "tag @s remove gnasher"
        }
      ]
    },
    "condition": {
      "type": "origins:resource",
      "resource": "croc:deathroll_rolltimer",
      "compare_to": 0,
      "comparison": "=="
    }
  },
  "raydmg": {
    "type": "origins:action_over_time",
    "interval": 1,
    "entity_action": {
      "type": "origins:raycast",
      "distance": 1.5,
      "block": false,
      "shape_type": "visual",
      "fluid_handling": "any",
      "bientity_action": {
        "type": "origins:target_action",
        "action": {
          "type": "origins:if_else",
          "condition": {
            "type": "origins:command",
            "command": "execute if entity @s[tag=torn]",
            "compare_to": 0,
            "comparison": "=="
          },
          "if_action": {
            "type": "origins:and",
            "actions": [
              {
                "type": "origins:execute_command",
                "command": "tag @s add torn"
              },
              {
                "type": "origins:execute_command",
                "command": "particle block nether_wart_block ~ ~1 ~ 0 0 0 1.25 35 normal @a"
              },
              {
                "type": "origins:damage",
                "amount": 0.38,
                "source": {
                  "name": "generic",
                  "unblockable": true,
                  "bypasses_armor": true
                }
              },
              {
                "type": "origins:if_else_list",
                "actions": [
                  {
                    "condition": {
                      "type": "origins:entity_type",
                      "entity_type": "cow"
                    },
                    "action": {
                      "type": "origins:chance",
                      "chance": 0.35,
                      "action": {
                        "type": "origins:execute_command",
                        "command": "summon item ~ ~ ~ {PickupDelay:10,Item:{id:\"minecraft:beef\",Count:1b}}"
                      }
                    }
                  },
                  {
                    "condition": {
                      "type": "origins:entity_type",
                      "entity_type": "pig"
                    },
                    "action": {
                      "type": "origins:chance",
                      "chance": 0.35,
                      "action": {
                        "type": "origins:execute_command",
                        "command": "summon item ~ ~ ~ {PickupDelay:10,Item:{id:\"minecraft:porkchop\",Count:1b}}"
                      }
                    }
                  },
                  {
                    "condition": {
                      "type": "origins:entity_type",
                      "entity_type": "sheep"
                    },
                    "action": {
                      "type": "origins:chance",
                      "chance": 0.35,
                      "action": {
                        "type": "origins:execute_command",
                        "command": "summon item ~ ~ ~ {PickupDelay:10,Item:{id:\"minecraft:mutton\",Count:1b}}"
                      }
                    }
                  },
                  {
                    "condition": {
                      "type": "origins:entity_type",
                      "entity_type": "chicken"
                    },
                    "action": {
                      "type": "origins:chance",
                      "chance": 0.35,
                      "action": {
                        "type": "origins:execute_command",
                        "command": "summon item ~ ~ ~ {PickupDelay:10,Item:{id:\"minecraft:chicken\",Count:1b}}"
                      }
                    }
                  },
                  {
                    "condition": {
                      "type": "origins:entity_type",
                      "entity_type": "zombie"
                    },
                    "action": {
                      "type": "origins:chance",
                      "chance": 0.35,
                      "action": {
                        "type": "origins:execute_command",
                        "command": "summon item ~ ~ ~ {PickupDelay:10,Item:{id:\"minecraft:rotten_flesh\",Count:1b}}"
                      }
                    }
                  },
                  {
                    "condition": {
                      "type": "origins:entity_type",
                      "entity_type": "husk"
                    },
                    "action": {
                      "type": "origins:chance",
                      "chance": 0.35,
                      "action": {
                        "type": "origins:execute_command",
                        "command": "summon item ~ ~ ~ {PickupDelay:10,Item:{id:\"minecraft:rotten_flesh\",Count:1b}}"
                      }
                    }
                  },
                  {
                    "condition": {
                      "type": "origins:entity_type",
                      "entity_type": "drowned"
                    },
                    "action": {
                      "type": "origins:chance",
                      "chance": 0.35,
                      "action": {
                        "type": "origins:execute_command",
                        "command": "summon item ~ ~ ~ {PickupDelay:10,Item:{id:\"minecraft:rotten_flesh\",Count:1b}}"
                      }
                    }
                  },
                  {
                    "condition": {
                      "type": "origins:entity_type",
                      "entity_type": "zoglin"
                    },
                    "action": {
                      "type": "origins:chance",
                      "chance": 0.35,
                      "action": {
                        "type": "origins:execute_command",
                        "command": "summon item ~ ~ ~ {PickupDelay:10,Item:{id:\"minecraft:rotten_flesh\",Count:1b}}"
                      }
                    }
                  },
                  {
                    "condition": {
                      "type": "origins:entity_type",
                      "entity_type": "hoglin"
                    },
                    "action": {
                      "type": "origins:chance",
                      "chance": 0.35,
                      "action": {
                        "type": "origins:execute_command",
                        "command": "summon item ~ ~ ~ {PickupDelay:10,Item:{id:\"minecraft:porkchop\",Count:1b}}"
                      }
                    }
                  },
                  {
                    "condition": {
                      "type": "origins:entity_type",
                      "entity_type": "zombified_piglin"
                    },
                    "action": {
                      "type": "origins:chance",
                      "chance": 0.35,
                      "action": {
                        "type": "origins:execute_command",
                        "command": "summon item ~ ~ ~ {PickupDelay:10,Item:{id:\"minecraft:rotten_flesh\",Count:1b}}"
                      }
                    }
                  },
                  {
                    "condition": {
                      "type": "origins:entity_type",
                      "entity_type": "cod"
                    },
                    "action": {
                      "type": "origins:chance",
                      "chance": 0.35,
                      "action": {
                        "type": "origins:execute_command",
                        "command": "summon item ~ ~ ~ {PickupDelay:10,Item:{id:\"minecraft:cod\",Count:1b}}"
                      }
                    }
                  },
                  {
                    "condition": {
                      "type": "origins:entity_type",
                      "entity_type": "salmon"
                    },
                    "action": {
                      "type": "origins:chance",
                      "chance": 0.35,
                      "action": {
                        "type": "origins:execute_command",
                        "command": "summon item ~ ~ ~ {PickupDelay:10,Item:{id:\"minecraft:salmon\",Count:1b}}"
                      }
                    }
                  },
                  {
                    "condition": {
                      "type": "origins:entity_type",
                      "entity_type": "tropical_fish"
                    },
                    "action": {
                      "type": "origins:chance",
                      "chance": 0.35,
                      "action": {
                        "type": "origins:execute_command",
                        "command": "summon item ~ ~ ~ {PickupDelay:10,Item:{id:\"minecraft:tropical_fish\",Count:1b}}"
                      }
                    }
                  },
                  {
                    "condition": {
                      "type": "origins:entity_type",
                      "entity_type": "guardian"
                    },
                    "action": {
                      "type": "origins:chance",
                      "chance": 0.35,
                      "action": {
                        "type": "origins:execute_command",
                        "command": "summon item ~ ~ ~ {PickupDelay:10,Item:{id:\"minecraft:cod\",Count:1b}}"
                      }
                    }
                  },
                  {
                    "condition": {
                      "type": "origins:entity_type",
                      "entity_type": "dolphin"
                    },
                    "action": {
                      "type": "origins:chance",
                      "chance": 0.35,
                      "action": {
                        "type": "origins:execute_command",
                        "command": "summon item ~ ~ ~ {PickupDelay:10,Item:{id:\"minecraft:cod\",Count:1b}}"
                      }
                    }
                  }
                ]
              }
            ]
          }
        }
      },
      "hit_action": {
        "type": "origins:and",
        "actions": [
          {
            "type": "origins:change_resource",
            "resource": "croc:deathroll_cooldown",
            "change": -4
          },
          {
            "type": "origins:feed",
            "food": 1,
            "saturation": 1.2
          },
          {
            "type": "origins:change_resource",
            "resource": "croc:frenzy_bar",
            "change": 6
          }
        ]
      },
      "miss_action": {
        "type": "origins:execute_command",
        "command": "function croc:rollmiss"
      },
      "bientity_condition": {
        "type": "origins:target_condition",
        "condition": {
          "type": "origins:command",
          "command": "execute if score @s rolledID = @p[tag=nearestgnasher] gnasherID",
          "compare_to": 1,
          "comparison": "=="
        },
        "command_step": 0.25
      }
    },
    "condition": {
      "type": "origins:resource",
      "resource": "croc:deathroll_isrolling",
      "compare_to": 1,
      "comparison": "=="
    }
  },
  "name": "Death Roll",
  "description": "You can harness the power of the Death Roll by holding the primary key down. Once fully charged, you'll dart forward and latch onto the first thing in your path. As you thrash your victim around, the damage inflicted will be proportionate to the intensity of your movements. After 2.5 seconds, you'll automatically release them.",
  "badges": [
    {
      "sprite": "origins:textures/gui/badge/active.png",
      "text": "Active ability, charge with %s"
    },
    {
      "sprite": "minecraft:textures/item/beef.png",
      "text": "Shaking hard enough will feed you."
    },
    {
      "sprite": "minecraft:textures/mob_effect/slowness.png",
      "text": "Using this on land is exhausting and isn't as much of a boost."
    }
  ]
}