{
	"type": "origins:multiple",
	"bar": {
		"type": "origins:resource",
		"min": 0,
		"max": 250,
		"hud_render": {
			"sprite_location": "origins:textures/gui/community/spiderkolo/resource_bar_03.png",
			"bar_index": 4,
			"condition": {
				"type": "origins:resource",
				"resource": "croc:frenzy_bar",
				"comparison": ">",
				"compare_to": 0
			}
		}
	},
	"bardecay": {
		"type": "origins:action_over_time",
		"interval": 1,
		"entity_action": {
			"type": "origins:change_resource",
			"resource": "croc:frenzy_bar",
			"change": -1
		}
	},
	"walk1": {
		"type": "origins:conditioned_attribute",
		"modifier": {
			"attribute": "generic.movement_speed",
			"operation": "multiply_base",
			"value": 0.35
		},
		"condition": {
			"type": "origins:and",
			"conditions": [
				{
					"type": "origins:resource",
					"resource": "croc:frenzy_bar",
					"comparison": ">",
					"compare_to": 0
				},
				{
					"type": "origins:resource",
					"resource": "croc:frenzy_bar",
					"comparison": "<=",
					"compare_to": 83
				},
				{
					"type": "origins:submerged_in",
					"fluid": "minecraft:water",
					"inverted": true
				}
			]
		},
		"tick_rate": 3
	},
	"walk2": {
		"type": "origins:conditioned_attribute",
		"modifier": {
			"attribute": "generic.movement_speed",
			"operation": "multiply_base",
			"value": 0.5
		},
		"condition": {
			"type": "origins:and",
			"conditions": [
				{
					"type": "origins:resource",
					"resource": "croc:frenzy_bar",
					"comparison": ">",
					"compare_to": 83
				},
				{
					"type": "origins:resource",
					"resource": "croc:frenzy_bar",
					"comparison": "<=",
					"compare_to": 167
				},
				{
					"type": "origins:submerged_in",
					"fluid": "minecraft:water",
					"inverted": true
				}
			]
		},
		"tick_rate": 3
	},
	"walk3": {
		"type": "origins:conditioned_attribute",
		"modifier": {
			"attribute": "generic.movement_speed",
			"operation": "multiply_base",
			"value": 0.75
		},
		"condition": {
			"type": "origins:and",
			"conditions": [
				{
					"type": "origins:resource",
					"resource": "croc:frenzy_bar",
					"comparison": ">",
					"compare_to": 167
				},
				{
					"type": "origins:resource",
					"resource": "croc:frenzy_bar",
					"comparison": "<=",
					"compare_to": 250
				},
				{
					"type": "origins:submerged_in",
					"fluid": "minecraft:water",
					"inverted": true
				}
			]
		},
		"tick_rate": 3
	},
	"swim1": {
		"type": "origins:conditioned_attribute",
		"modifier": {
			"attribute": "additionalentityattributes:water_speed",
			"value": 0.35,
			"operation": "multiply_base"
		},
		"condition": {
			"type": "origins:and",
			"conditions": [
				{
					"type": "origins:resource",
					"resource": "croc:frenzy_bar",
					"comparison": ">",
					"compare_to": 0
				},
				{
					"type": "origins:resource",
					"resource": "croc:frenzy_bar",
					"comparison": "<=",
					"compare_to": 83
				},
				{
					"type": "origins:submerged_in",
					"fluid": "minecraft:water",
					"inverted": true
				}
			]
		},
		"tick_rate": 3
	},
	"swim2": {
		"type": "origins:conditioned_attribute",
		"modifier": {
			"attribute": "additionalentityattributes:water_speed",
			"value": 0.5,
			"operation": "multiply_base"
		},
		"condition": {
			"type": "origins:and",
			"conditions": [
				{
					"type": "origins:resource",
					"resource": "croc:frenzy_bar",
					"comparison": ">",
					"compare_to": 83
				},
				{
					"type": "origins:resource",
					"resource": "croc:frenzy_bar",
					"comparison": "<=",
					"compare_to": 167
				},
				{
					"type": "origins:submerged_in",
					"fluid": "minecraft:water",
					"inverted": true
				}
			]
		},
		"tick_rate": 3
	},
	"swim3": {
		"type": "origins:conditioned_attribute",
		"modifier": {
			"attribute": "additionalentityattributes:water_speed",
			"value": 0.75,
			"operation": "multiply_base"
		},
		"condition": {
			"type": "origins:and",
			"conditions": [
				{
					"type": "origins:resource",
					"resource": "croc:frenzy_bar",
					"comparison": ">",
					"compare_to": 167
				},
				{
					"type": "origins:resource",
					"resource": "croc:frenzy_bar",
					"comparison": "<=",
					"compare_to": 250
				},
				{
					"type": "origins:submerged_in",
					"fluid": "minecraft:water",
					"inverted": true
				}
			]
		},
		"tick_rate": 3
	},
	"name": "Frenzy",
	"description": "Rolling sends you into a feeding frenzy, increasing your speed for each instance of damage you deal by rolling. This speed drains over time.",
	"badges": [
		{
			"sprite": "origins:textures/gui/badge/info.png",
			"text": "This speed can last even after the roll ends."
		},
		{
			"sprite": "origins:textures/gui/badge/star.png",
			"text": "The duration of the speed is also increased by rolling."
		}
	]
}