{
    "hidden": true,
    "type": "origins:action_on_callback",
    "entity_action_chosen": {
        "type": "origins:and",
        "actions": [
            {
                "type": "origins:execute_command",
                "command": "scoreboard players add #GNASHERID gnasherID 1"
            },
            {
                "type": "origins:execute_command",
                "command": "execute unless score @s gnasherID matches 1.. run scoreboard players operation @s gnasherID = #GNASHERID gnasherID"
            }
        ]
    },
    "entity_action_lost": {
        "type": "origins:execute_command",
        "command": "scoreboard players set @s gnasherID 0"
    },
    "execute_chosen_when_orb": true
}