{
  "type": "origins:multiple",
  "iframes": {
    "type": "eggolib:modify_hurt_ticks",
    "modifier": {
      "operation": "multiply_total",
      "value": -0.95
    }
  },
  "death": {
    "type": "origins:action_when_damage_taken",
    "interval": 1,
    "entity_action": {
      "type": "origins:execute_command",
      "command": "function croc:customdeath"
    },
    "cooldown": 0,
    "condition": {
      "type": "origins:and",
      "conditions": [
        {
          "type": "origins:health",
          "comparison": "<=",
          "compare_to": 0
        },
        {
          "type": "origins:entity_type",
          "entity_type": "minecraft:player"
        }
      ]
    }
  },
  "dmgplyr": {
    "type": "origins:modify_damage_dealt",
    "condition": {
      "type": "origins:entity_type",
      "entity_type": "minecraft:player"
    },
    "modifier": {
      "operation": "multiply_total",
      "value": -0.5
    }
  },
  "inwall": {
    "type": "origins:invulnerability",
    "damage_condition": {
      "type": "origins:or",
      "conditions": [
        {
          "type": "origins:name",
          "name": "inWall"
        },
        {
          "type": "origins:name",
          "name": "inWall.player"
        }
      ]
    }
  },
  "timer": {
    "type": "origins:cooldown",
    "cooldown": 50,
    "hud_render": {
      "should_render": false
    }
  },
  "dmgmob": {
    "type": "origins:modify_damage_dealt",
    "condition": {
      "type": "origins:entity_type",
      "entity_type": "minecraft:player",
      "inverted": true
    },
    "modifier": {
      "operation": "multiply_total",
      "value": -1
    }
  },
  "nodragon": {
    "type": "origins:action_on_callback",
    "entity_action_added": {
      "type": "origins:execute_command",
      "command": "function croc:unrolled"
    },
    "condition": {
      "type": "origins:entity_type",
      "entity_type": "minecraft:ender_dragon"
    }
  },
  "cdstart": {
    "type": "origins:action_on_callback",
    "entity_action_added": {
      "type": "origins:trigger_cooldown",
      "power": "croc:rolled_timer"
    }
  },
  "cancel": {
    "type": "origins:action_over_time",
    "interval": 1,
    "rising_action": {
      "type": "origins:execute_command",
      "command": "function croc:unrolled"
    },
    "condition": {
      "type": "origins:resource",
      "resource": "croc:rolled_timer",
      "comparison": "==",
      "compare_to": 0
    }
  },
  "suffocate": {
    "type": "origins:action_over_time",
    "interval": 5,
    "entity_action": {
      "type": "origins:gain_air",
      "value": -20
    },
    "condition": {
      "type": "origins:submerged_in",
      "fluid": "minecraft:water"
    }
  },
  "freeze": {
    "type": "origins:modify_velocity",
    "modifier": {
      "value": -1,
      "operation": "multiply_total"
    },
    "axes": [
      "x",
      "y",
      "z"
    ]
  },
  "tp": {
    "type": "origins:action_over_time",
    "interval": 2,
    "entity_action": {
      "type": "origins:and",
      "actions": [
        {
          "type": "origins:execute_command",
          "command": "function croc:findnearest"
        },
        {
          "type": "origins:execute_command",
          "command": "execute at @p[tag=nearestgnasher] run tp @s ^ ^ ^1"
        }
      ]
    }
  }
}