{
	"type": "origins:multiple",
	"speed": {
		"type": "origins:conditioned_attribute",
		"modifier": {
			"attribute": "generic.movement_speed",
			"operation": "multiply_base",
			"value": -0.35
		},
		"condition": {
			"type": "origins:and",
			"conditions": [
				{
					"type": "origins:fluid_height",
					"fluid": "minecraft:water",
					"comparison": "==",
					"compare_to": 0
				},
				{
					"type": "origins:resource",
					"resource": "croc:frenzy_bar",
					"comparison": "==",
					"compare_to": 0
				},
				{
					"type": "origins:in_rain",
					"inverted": true
				}
			]
		},
		"tick_rate": 10
	},
	"speedair": {
		"type": "origins:modify_air_speed",
		"modifier": {
			"operation": "multiply_base",
			"value": -0.35
		},
		"condition": {
			"type": "origins:and",
			"conditions": [
				{
					"type": "origins:fluid_height",
					"fluid": "minecraft:water",
					"comparison": "==",
					"compare_to": 0
				},
				{
					"type": "origins:resource",
					"resource": "croc:frenzy_bar",
					"comparison": "==",
					"compare_to": 0
				},
				{
					"type": "origins:in_rain",
					"inverted": true
				}
			]
		}
	},
	"dmg": {
		"type": "origins:modify_damage_taken",
		"modifier": {
			"operation": "multiply_total",
			"value": 0.35
		}
	},
	"exhaust": {
		"type": "origins:modify_exhaustion",
		"modifier": {
			"value": 0.45,
			"operation": "multiply_base"
		},
		"condition": {
			"type": "origins:and",
			"conditions": [
				{
					"type": "origins:fluid_height",
					"fluid": "minecraft:water",
					"comparison": "==",
					"compare_to": 0
				},
				{
					"type": "origins:resource",
					"resource": "croc:frenzy_bar",
					"comparison": "==",
					"compare_to": 0
				},
				{
					"type": "origins:in_rain",
					"inverted": true
				}
			]
		}
	},
	"name": "Stumpy Legged",
	"description": "Your legs are very short relative to your body, making it much more exhausting to do things on land and decreasing your defense and walking speed."
}