{
    "type": "origins:stacking_status_effect",
    "min_stacks": 0,
    "max_stacks": 5,
    "duration_per_stack": 100,
    "name": "Sunlight Sensitivity",
    "description": "Due to being used to the darkness, the sun blinds you",
    "effect": {
        "effect": "minecraft:blindness"
    },
    "tick_rate": 60,
    "condition": {
        "type": "origins:and",
        "conditions": [
            {
                "type": "origins:exposed_to_sun"
            },
            {
                "type": "origins:or",
                "conditions": [
                    {
                        "type": "origins:time_of_day",
                        "compare_to": 12800,
                        "comparison": "<"
                    },
                    {
                        "type": "origins:time_of_day",
                        "compare_to": 23200,
                        "comparison": ">="
                    }
                ]
            }
        ]
    }
}
